company_id,renewable_share,scope1_2_tons,estimated_scope3_tons,climate_risk_score,water_risk_score,governance_maturity,board_esg_oversight,iso_14001,iso_50001,iso_14064,carbon_inventory,net_zero_commitment,environmental_controversy,esg_gap_summary,transition_barrier,top_expected_benefit,doc_台電帳單,doc_電子發票,doc_財報摘要,doc_銀行往來摘要,doc_專案計畫書,doc_設備報價單,doc_碳盤查資料,doc_ISO 文件,doc_供應鏈問卷,doc_還款來源說明
CMP_001,0.08129809196364367,786.9980311329193,4372.191039810123,0.7710827343740445,0.5682931942041083,0.3300234520203714,True,True,False,False,False,True,False,碳盤查邊界與頻率不足,CAPEX 壓力偏高,改善碳費暴露,False,True,True,False,True,False,False,False,False,True
CMP_002,0.07058519029707641,435.9809869685004,1095.4675476875084,0.2820583012842213,0.8148953471569275,0.5293991835303326,True,True,True,True,True,False,False,節能 KPI 缺乏月度追蹤,客戶要求加速但專案排程落後,滿足品牌供應鏈要求,True,False,True,False,True,True,False,True,True,True
CMP_003,0.16992551360409855,1176.678577200743,7055.80161203791,0.2638804148228529,0.6922167252745899,0.7331675075685689,False,False,False,False,True,True,False,董事會永續治理尚未制度化,客戶要求加速但專案排程落後,降低能耗成本,True,True,False,True,True,False,False,False,True,True
CMP_004,0.03893874669143765,481.56746862064506,2711.2568564846324,0.6657220256282619,0.4914673988080237,0.8836369011267844,True,True,True,True,True,True,False,供應鏈問卷回覆資料分散,CAPEX 壓力偏高,改善碳費暴露,True,True,True,False,True,True,False,False,True,True
CMP_005,0.18746100489784387,663.9970372813536,2489.8169758838467,0.513914585586378,0.8060502563122234,0.4188623411159428,True,True,True,False,True,True,False,董事會永續治理尚未制度化,設備汰換與產能安排衝突,滿足品牌供應鏈要求,True,False,True,False,False,True,False,False,True,True
CMP_006,0.3410412483625947,928.0509898091095,2863.76693115415,0.7151538821579491,0.21355080601259985,0.8254447523987734,True,True,True,False,False,False,False,供應鏈問卷回覆資料分散,內部資料治理成熟度不足,爭取新訂單資格,True,True,True,False,True,True,False,True,True,True
CMP_007,0.14357806275860763,2715.057969081075,16756.62358509054,0.6028770398768549,0.6795004860970317,0.854568070911101,True,True,False,False,False,False,False,董事會永續治理尚未制度化,CAPEX 壓力偏高,滿足品牌供應鏈要求,False,True,False,True,True,True,False,True,True,False
CMP_008,0.21367812927992502,4072.575337286846,15012.80053308956,0.5298019839334455,0.5719705941177236,0.5660000785606483,True,True,False,False,False,False,False,節能 KPI 缺乏月度追蹤,客戶要求加速但專案排程落後,滿足品牌供應鏈要求,True,False,True,True,False,False,True,False,True,False
CMP_009,0.11833572900860533,561.6113492209965,1093.4939047823784,0.21311621320783836,0.4555129691630303,0.6196001873302966,False,False,True,False,True,True,False,碳盤查邊界與頻率不足,設備汰換與產能安排衝突,提升貸款可核貸性,True,False,True,False,False,True,False,False,False,False
CMP_010,0.13361043677647483,229.4389208336134,1008.6387920800233,0.49160427105917226,0.8052838290753531,0.4352342689215426,False,True,False,True,True,True,False,碳盤查邊界與頻率不足,客戶要求加速但專案排程落後,提升貸款可核貸性,True,True,True,False,True,False,False,False,False,False
CMP_011,0.3213927505924989,2892.9709433293606,6248.149404217976,0.6114938637533056,0.3122108277480623,0.5953611279713302,True,True,False,False,True,True,True,節能 KPI 缺乏月度追蹤,設備汰換與產能安排衝突,爭取新訂單資格,True,True,True,False,True,False,False,False,True,False
CMP_012,0.13894943453505254,1283.983520400241,6009.334743392558,0.5939169740688032,0.2518491277211873,0.37657401472064667,False,True,True,True,True,False,True,碳盤查邊界與頻率不足,CAPEX 壓力偏高,爭取新訂單資格,True,True,True,False,True,True,False,True,True,True
CMP_013,0.07217117217518304,595.1496235882103,2324.723334733289,0.8233716302407168,0.8101189485401378,0.39317891450364917,True,True,True,True,True,True,False,供應鏈問卷回覆資料分散,客戶要求加速但專案排程落後,改善碳費暴露,True,True,True,True,False,True,True,True,False,True
CMP_014,0.04920174735064621,1332.826067453181,2952.037837170052,0.5357379720971835,0.3180780760507989,0.4940151867507965,False,True,False,False,True,False,False,董事會永續治理尚未制度化,CAPEX 壓力偏高,滿足品牌供應鏈要求,False,False,True,False,True,True,False,False,True,False
CMP_015,0.12422981978947065,2293.426207605862,12447.960048244955,0.41525831384530787,0.15831515260374263,0.642954798048669,False,False,False,True,True,True,False,董事會永續治理尚未制度化,內部資料治理成熟度不足,提升貸款可核貸性,True,True,True,True,False,True,True,True,True,True
CMP_016,0.06069248693062856,814.3767676413779,4797.413482318697,0.7773634155791467,0.24622825236761992,0.433655834684413,True,False,True,False,True,True,False,董事會永續治理尚未制度化,CAPEX 壓力偏高,提升貸款可核貸性,True,True,True,True,True,True,True,False,False,True
CMP_017,0.05611569240317494,400.51865407520586,757.0899354635521,0.5216390942580515,0.17550276041649696,0.4532585112240275,False,True,False,False,False,True,True,節能 KPI 缺乏月度追蹤,客戶要求加速但專案排程落後,改善碳費暴露,False,True,True,True,True,True,True,False,True,False
CMP_018,0.13828164622610484,541.8209925906348,871.9207557547309,0.7598806977023387,0.4126655433855273,0.6571658377451097,False,True,False,False,False,False,False,節能 KPI 缺乏月度追蹤,CAPEX 壓力偏高,改善碳費暴露,True,True,True,False,False,True,True,False,False,True
CMP_019,0.07972523675224895,1196.9605326230133,6385.489982274717,0.2757380334015891,0.628878372029579,0.43075425927265054,False,True,False,False,True,False,True,碳盤查邊界與頻率不足,CAPEX 壓力偏高,滿足品牌供應鏈要求,True,True,True,False,True,False,False,False,True,True
CMP_020,0.17217990921701673,1361.46354260393,4408.316770191009,0.33188156384540296,0.6499656760339405,0.4837510405795336,False,True,True,False,False,True,False,董事會永續治理尚未制度化,綠電取得成本與合約不確定,爭取新訂單資格,False,False,True,False,True,True,True,True,False,False
CMP_021,0.15183031738385142,658.8875959836855,3106.595340140604,0.6204145338551093,0.6677490308121456,0.7599271672041427,True,True,True,True,True,False,False,供應鏈問卷回覆資料分散,內部資料治理成熟度不足,降低能耗成本,False,True,True,False,True,True,False,False,True,False
CMP_022,0.12286741134113621,481.5200203172324,1981.433940974428,0.7017881161397017,0.7661502880868888,0.7688821969255315,False,True,True,False,True,True,False,節能 KPI 缺乏月度追蹤,設備汰換與產能安排衝突,提升貸款可核貸性,False,True,False,False,True,True,False,False,True,False
CMP_023,0.041287643965840684,1011.2925656458273,5560.917396983119,0.2085995861262154,0.37332296096471707,0.7721848709651857,False,False,False,False,False,True,False,節能 KPI 缺乏月度追蹤,客戶要求加速但專案排程落後,爭取新訂單資格,True,True,False,False,True,True,True,True,False,False
CMP_024,0.06189078210541688,2018.8011223844574,6270.58009205515,0.25569336383423524,0.5514432834958634,0.628947058946854,False,True,False,False,False,True,True,董事會永續治理尚未制度化,CAPEX 壓力偏高,爭取新訂單資格,True,True,False,True,False,False,False,True,True,False
CMP_025,0.08049597459093058,586.8770937759139,3012.703995747084,0.20406427466068883,0.6234444939142336,0.4567574529071986,True,True,False,False,True,True,False,再生能源採購路徑不明確,客戶要求加速但專案排程落後,滿足品牌供應鏈要求,True,True,False,True,True,True,True,True,True,False
CMP_026,0.1792531302461473,5634.128680314259,12031.330150093563,0.357878422579864,0.45389298733232786,0.3087437162241523,True,True,True,False,True,True,False,碳盤查邊界與頻率不足,CAPEX 壓力偏高,降低能耗成本,True,True,True,True,True,False,True,True,True,True
CMP_027,0.13525728256560082,1850.0613324655692,9664.541746107308,0.7120547402909814,0.5944823315331424,0.36322955095503906,True,True,True,False,False,False,False,供應鏈問卷回覆資料分散,客戶要求加速但專案排程落後,滿足品牌供應鏈要求,True,False,False,False,True,False,True,False,True,False
CMP_028,0.04307281755029978,1437.2564544356612,9106.785542721624,0.7614140570392312,0.7760978648369395,0.4281260801003495,True,True,True,False,False,True,True,董事會永續治理尚未制度化,綠電取得成本與合約不確定,滿足品牌供應鏈要求,True,False,False,True,True,False,True,True,True,False
CMP_029,0.03236439511607458,707.290030652085,2492.2636891022944,0.35536343573279955,0.7391981276254928,0.8786399235984605,True,True,True,True,True,False,False,供應鏈問卷回覆資料分散,客戶要求加速但專案排程落後,滿足品牌供應鏈要求,True,True,False,False,False,True,True,False,False,True
CMP_030,0.08248161067475314,1561.3320255158426,5154.862456499512,0.6353132049072899,0.5994177667058787,0.7189079262081027,True,False,False,True,True,True,False,碳盤查邊界與頻率不足,CAPEX 壓力偏高,降低能耗成本,False,False,False,False,False,True,False,True,True,True
CMP_031,0.1555074739630331,1866.4502536151288,8131.979703292086,0.4109323038472986,0.3586067861559913,0.8196928063865847,True,False,True,True,False,True,False,節能 KPI 缺乏月度追蹤,客戶要求加速但專案排程落後,滿足品牌供應鏈要求,True,True,True,True,True,False,False,False,False,False
CMP_032,0.18884541042343178,200.82081529291978,905.9860310526972,0.5967250256305814,0.46733602065105534,0.886984989497259,False,True,True,True,False,False,False,供應鏈問卷回覆資料分散,客戶要求加速但專案排程落後,滿足品牌供應鏈要求,False,True,True,True,True,False,True,False,True,False
CMP_033,0.17563127434006523,1252.8760976276997,7399.463510560571,0.2582875639649146,0.5262583188090175,0.5314020524523001,True,True,True,False,True,False,False,董事會永續治理尚未制度化,客戶要求加速但專案排程落後,爭取新訂單資格,False,True,True,True,True,True,False,False,False,True
CMP_034,0.12436610174794202,1062.4330724356287,6136.624490570613,0.562681961308084,0.7838883545153866,0.788010224306001,True,False,True,False,True,True,False,再生能源採購路徑不明確,客戶要求加速但專案排程落後,降低能耗成本,True,False,False,True,True,True,True,True,True,True
CMP_035,0.14833242515453574,1574.1145144740215,5660.257490781176,0.672909516041801,0.4849551275435098,0.898587592897496,True,True,False,True,False,True,False,供應鏈問卷回覆資料分散,內部資料治理成熟度不足,提升貸款可核貸性,True,True,True,False,True,True,True,False,True,True
CMP_036,0.2819204654818304,5224.213774642475,27143.545667622304,0.7356529011623363,0.8089906803748715,0.410376440979753,True,True,True,True,True,False,False,供應鏈問卷回覆資料分散,綠電取得成本與合約不確定,降低能耗成本,True,True,True,True,False,False,True,True,True,True
CMP_037,0.3265912556861707,1177.8296337235133,3953.850251355251,0.5253642476759929,0.8171555761969171,0.5431619425266372,True,True,True,True,False,False,False,再生能源採購路徑不明確,CAPEX 壓力偏高,提升貸款可核貸性,True,False,False,True,True,True,True,True,True,True
CMP_038,0.05462493195810552,1352.653981172094,3550.402153102761,0.7753643910327073,0.21623893282025858,0.6585861516694298,False,True,False,True,True,True,False,董事會永續治理尚未制度化,CAPEX 壓力偏高,降低能耗成本,True,True,False,False,True,True,True,True,True,False
CMP_039,0.09619176511865365,2290.1484830576087,9246.0165468652,0.2409568187448644,0.5812256365802353,0.399755449431748,True,True,False,True,False,True,True,節能 KPI 缺乏月度追蹤,客戶要求加速但專案排程落後,提升貸款可核貸性,True,True,True,True,True,True,True,True,True,True
CMP_040,0.03396190436797757,1337.2684228820783,5428.0322505036465,0.4385674589594146,0.6265203447039314,0.4227221738754107,True,True,True,True,False,True,False,供應鏈問卷回覆資料分散,客戶要求加速但專案排程落後,滿足品牌供應鏈要求,True,True,True,True,True,False,False,True,False,False
CMP_041,0.10009643379606452,2046.8643152888149,5340.940449318582,0.811689040667692,0.7523571462597853,0.3512200757208312,False,False,False,False,True,False,False,供應鏈問卷回覆資料分散,綠電取得成本與合約不確定,滿足品牌供應鏈要求,True,False,True,True,False,False,False,True,True,True
CMP_042,0.27516864722712525,3721.383621609835,21469.27821163628,0.6190762602177478,0.30917053871485084,0.7475403105003463,True,False,False,True,False,False,True,供應鏈問卷回覆資料分散,設備汰換與產能安排衝突,降低能耗成本,True,True,True,True,False,True,False,True,True,False
CMP_043,0.20604717394253275,3460.899118714402,6636.718591948607,0.8037730285319267,0.21395271916456757,0.6893404050303769,True,True,False,False,True,True,False,再生能源採購路徑不明確,客戶要求加速但專案排程落後,提升貸款可核貸性,True,False,True,False,True,False,False,True,False,True
CMP_044,0.10134286131486976,2433.812934471812,8539.643951976852,0.5942062538928585,0.30768615962582996,0.600955645181025,True,True,False,False,True,True,False,供應鏈問卷回覆資料分散,內部資料治理成熟度不足,改善碳費暴露,True,True,True,True,True,True,True,False,False,True
CMP_045,0.11151291152552419,245.05203744828881,1052.4222096280866,0.2280614262239773,0.3964226330430833,0.49275793263989076,True,True,True,False,False,True,True,董事會永續治理尚未制度化,綠電取得成本與合約不確定,爭取新訂單資格,False,True,True,True,False,True,True,False,True,True
CMP_046,0.0656502302821233,169.29693561837638,607.4418281517951,0.30282577751101614,0.5569997272331022,0.8446828339925463,False,True,True,True,False,False,False,供應鏈問卷回覆資料分散,設備汰換與產能安排衝突,改善碳費暴露,True,True,False,True,True,False,True,False,False,True
CMP_047,0.1866519750191403,1826.0490280315837,4347.485150535314,0.5531614967479923,0.47832105948529513,0.36531005188942167,True,True,True,True,True,True,False,董事會永續治理尚未制度化,綠電取得成本與合約不確定,降低能耗成本,True,True,True,True,False,True,False,True,False,False
CMP_048,0.04316271973731965,1154.6218404151446,7035.931247355134,0.6104553337628205,0.7255194572566714,0.6944497548604163,False,True,False,False,True,False,False,供應鏈問卷回覆資料分散,CAPEX 壓力偏高,滿足品牌供應鏈要求,False,True,False,True,True,False,True,False,False,False
CMP_049,0.08369766832542173,514.7086588093595,832.4176762764555,0.6672729526493466,0.42783248739097063,0.3283239998795791,True,True,False,False,False,True,False,節能 KPI 缺乏月度追蹤,CAPEX 壓力偏高,改善碳費暴露,False,True,True,False,True,False,True,True,False,False
CMP_050,0.1113472230273048,2121.1799667671803,10974.878203903425,0.7252407228691633,0.2361105842362725,0.7221543638004001,False,True,True,True,False,False,False,董事會永續治理尚未制度化,綠電取得成本與合約不確定,提升貸款可核貸性,True,False,True,True,True,True,True,True,True,False
CMP_051,0.05906902875556241,1167.7623371783666,6076.004042112029,0.6990005093921143,0.35025183558600115,0.8789666962021356,True,True,False,True,True,False,False,節能 KPI 缺乏月度追蹤,內部資料治理成熟度不足,提升貸款可核貸性,True,True,False,True,True,False,True,True,True,True
CMP_052,0.18586148604097422,3513.252109663302,22153.819248257976,0.409574238915455,0.3312782414156122,0.3988613381086582,True,True,True,True,True,False,False,節能 KPI 缺乏月度追蹤,CAPEX 壓力偏高,降低能耗成本,True,False,True,True,True,True,True,True,False,False
CMP_053,0.3252300687016413,2659.1911195496705,16265.894405107781,0.7452181513666234,0.4309585465672868,0.5186008158063691,True,True,False,False,False,True,False,董事會永續治理尚未制度化,綠電取得成本與合約不確定,爭取新訂單資格,True,False,True,True,True,False,False,False,False,True
CMP_054,0.1784501180105461,2486.296461279194,12866.943116502303,0.7375443419235548,0.27630024364799666,0.821790149667593,False,True,True,True,False,True,False,碳盤查邊界與頻率不足,設備汰換與產能安排衝突,改善碳費暴露,False,True,False,True,False,True,True,True,True,False
CMP_055,0.09435462119023556,467.0895888718202,2623.4463630380965,0.6377007931986549,0.2428844935768003,0.6185663322498999,False,False,True,False,True,True,False,節能 KPI 缺乏月度追蹤,設備汰換與產能安排衝突,滿足品牌供應鏈要求,False,False,False,False,True,True,True,True,False,False
CMP_056,0.12375659652095446,1273.3617167988382,2155.761985511804,0.6442974910349739,0.23393975851485743,0.490611899228085,False,True,False,False,True,True,False,供應鏈問卷回覆資料分散,CAPEX 壓力偏高,提升貸款可核貸性,False,True,False,True,True,True,True,False,False,False
CMP_057,0.19102688797462217,1791.1356414208515,4852.068433664283,0.7077556748533917,0.30192056456322425,0.3103523191382326,True,True,True,False,False,False,False,供應鏈問卷回覆資料分散,CAPEX 壓力偏高,滿足品牌供應鏈要求,False,True,False,False,True,True,True,True,False,True
CMP_058,0.0844950890463734,1354.0968508352562,6971.346026504124,0.600982887921006,0.35003496286385094,0.7940680177646424,False,True,False,False,False,True,False,董事會永續治理尚未制度化,客戶要求加速但專案排程落後,滿足品牌供應鏈要求,True,True,False,True,True,False,True,True,False,False
CMP_059,0.08018060137547284,1048.6639085137322,2444.415112756617,0.2556014698466206,0.5883627276319334,0.4639361751175045,False,True,False,False,False,False,False,董事會永續治理尚未制度化,內部資料治理成熟度不足,爭取新訂單資格,False,False,True,True,False,True,True,False,True,False
CMP_060,0.11187393171533626,729.7025413723422,4536.846578665165,0.40611897283938225,0.5188476355328429,0.6873476040544337,False,True,False,True,False,False,False,再生能源採購路徑不明確,內部資料治理成熟度不足,提升貸款可核貸性,True,True,True,True,True,True,False,True,False,False
CMP_061,0.20483515927216733,3996.213556550237,14948.424156172385,0.28324417605258423,0.545473865460699,0.6370750535828638,True,True,True,True,True,True,False,供應鏈問卷回覆資料分散,綠電取得成本與合約不確定,爭取新訂單資格,False,True,True,True,True,True,True,True,False,False
CMP_062,0.14183039768460992,1865.0754169448091,12110.752176725206,0.23603140174570456,0.5656399465335125,0.30462480908210876,False,False,True,False,True,True,False,董事會永續治理尚未制度化,客戶要求加速但專案排程落後,滿足品牌供應鏈要求,True,True,True,True,True,True,False,False,True,True
CMP_063,0.20940439496893587,2541.128931457615,13798.299689406203,0.7387045908695056,0.7430365917761349,0.46384408772278085,False,True,False,False,False,False,False,碳盤查邊界與頻率不足,設備汰換與產能安排衝突,降低能耗成本,True,True,True,True,True,False,False,True,True,True
CMP_064,0.15784544147877105,457.30237673652516,2723.108206519934,0.6463298188098423,0.3036114200024609,0.527868482646917,True,True,True,False,True,False,False,供應鏈問卷回覆資料分散,綠電取得成本與合約不確定,提升貸款可核貸性,True,True,True,False,True,True,True,False,False,False
CMP_065,0.19013192592854267,556.3709291640218,2011.1517891690291,0.5791142863117464,0.5526143196908087,0.35136313417401577,False,False,True,False,True,False,False,供應鏈問卷回覆資料分散,內部資料治理成熟度不足,滿足品牌供應鏈要求,True,True,True,False,True,True,False,True,True,False
CMP_066,0.09588075998690168,1936.5620593238193,5102.473086768053,0.8042929798099434,0.44441765913324893,0.4663214960318819,False,False,True,False,False,False,False,再生能源採購路徑不明確,CAPEX 壓力偏高,提升貸款可核貸性,True,True,True,True,True,True,False,False,True,True
CMP_067,0.1090801979145398,1846.7970009126068,8416.112051779097,0.299827442421569,0.7441778146570689,0.7703979118707731,True,False,False,False,True,False,False,董事會永續治理尚未制度化,客戶要求加速但專案排程落後,降低能耗成本,True,True,True,True,True,True,False,True,True,True
CMP_068,0.05564071019430825,355.57880989282535,1281.0624466385548,0.2511326726128899,0.39321717620835983,0.5754949900984972,True,True,False,False,False,True,False,再生能源採購路徑不明確,綠電取得成本與合約不確定,滿足品牌供應鏈要求,True,True,True,False,True,False,True,True,True,True
CMP_069,0.14560091940818348,557.2935351148976,2899.444787954403,0.397738143739235,0.5498761671233574,0.8688336308578448,False,True,False,False,True,True,False,供應鏈問卷回覆資料分散,客戶要求加速但專案排程落後,改善碳費暴露,True,True,True,False,True,True,False,True,False,True
CMP_070,0.057839781322190476,1672.8139663817633,8558.81332065043,0.6078637990945527,0.573986773536469,0.6727749664886495,True,True,False,False,True,False,False,碳盤查邊界與頻率不足,設備汰換與產能安排衝突,滿足品牌供應鏈要求,True,True,False,True,True,True,False,False,False,True
CMP_071,0.14840217532187447,201.8382184872096,1138.2033750158378,0.6006459393021762,0.7174748058105903,0.9107356442995147,False,True,True,False,True,False,False,再生能源採購路徑不明確,設備汰換與產能安排衝突,爭取新訂單資格,True,True,True,True,True,True,True,False,False,False
CMP_072,0.054977744817667595,603.6912564675789,1322.8275032060394,0.7573934468502856,0.18676631879238592,0.7791738662815306,True,True,True,True,False,False,True,碳盤查邊界與頻率不足,CAPEX 壓力偏高,爭取新訂單資格,True,False,True,True,True,True,True,False,True,False
CMP_073,0.08204415177237562,1806.875146944918,10576.61406462738,0.329613252561944,0.521094634225258,0.66488745209267,False,True,True,False,False,False,False,碳盤查邊界與頻率不足,CAPEX 壓力偏高,提升貸款可核貸性,True,True,True,True,True,False,True,False,True,True
CMP_074,0.14540184443722967,264.01446816985055,1431.3855413070105,0.6818426784962619,0.14836177861519598,0.5604905337459927,False,False,False,True,False,True,True,供應鏈問卷回覆資料分散,客戶要求加速但專案排程落後,爭取新訂單資格,True,True,False,False,False,True,False,True,True,True
CMP_075,0.17803169823764337,1864.0273976447709,10495.196698898204,0.5551033643374672,0.15389038734945565,0.9164048661637245,True,True,True,True,True,False,False,碳盤查邊界與頻率不足,內部資料治理成熟度不足,爭取新訂單資格,True,True,False,False,False,False,True,True,True,True
CMP_076,0.08212915313345877,469.2993533577722,1521.6461688383472,0.7197094395207086,0.49502365049916003,0.832129503142655,True,True,False,True,False,True,False,供應鏈問卷回覆資料分散,設備汰換與產能安排衝突,爭取新訂單資格,True,True,False,True,True,True,True,False,True,False
CMP_077,0.18421017383710098,3413.0779633889692,11905.73366467233,0.505116697296001,0.504120730175196,0.4696698045911961,False,True,True,True,False,False,False,再生能源採購路徑不明確,綠電取得成本與合約不確定,滿足品牌供應鏈要求,False,True,True,True,True,True,True,False,False,True
CMP_078,0.11519741481931035,1325.6139495745535,8371.096922127752,0.5836120745492978,0.578184064499893,0.4937086655569721,True,True,False,False,True,False,False,再生能源採購路徑不明確,客戶要求加速但專案排程落後,提升貸款可核貸性,True,True,True,True,True,True,True,True,True,False
CMP_079,0.09854628514115535,882.9986793014358,1573.0310633020838,0.7353159037399735,0.579833285742944,0.49867112971014826,False,True,True,False,True,True,False,供應鏈問卷回覆資料分散,設備汰換與產能安排衝突,降低能耗成本,True,False,False,False,True,True,False,True,False,False
CMP_080,0.2645543945248124,4414.2284344739455,18520.455873917534,0.7876387564849692,0.4688202140529705,0.5050792270549347,False,True,True,True,False,True,True,節能 KPI 缺乏月度追蹤,內部資料治理成熟度不足,爭取新訂單資格,True,False,False,True,True,True,True,False,False,True
CMP_081,0.0688732103228088,868.165433387159,3841.137878875553,0.7631242505411051,0.18732872668126616,0.7302335516765954,True,True,False,False,True,True,False,董事會永續治理尚未制度化,客戶要求加速但專案排程落後,降低能耗成本,True,True,False,True,True,True,False,True,True,False
CMP_082,0.09244951643694048,1365.7074616251844,2821.1411172698195,0.6536878646440721,0.22800686260344807,0.43324002220817825,False,False,False,False,True,True,False,供應鏈問卷回覆資料分散,CAPEX 壓力偏高,降低能耗成本,True,True,True,True,False,True,True,False,True,False
CMP_083,0.14523983459120235,1835.3801024616105,6991.581238143757,0.3804403446074042,0.7808577690375585,0.566456588393609,True,True,True,True,False,False,False,董事會永續治理尚未制度化,設備汰換與產能安排衝突,滿足品牌供應鏈要求,False,False,True,True,False,True,False,True,True,False
CMP_084,0.04367718219912514,352.78087871620414,1440.2836574421365,0.5283113829908106,0.19873841711735812,0.3400283921634616,False,True,True,True,False,False,True,節能 KPI 缺乏月度追蹤,綠電取得成本與合約不確定,滿足品牌供應鏈要求,True,True,False,True,True,True,True,True,True,False
CMP_085,0.13646030828515643,756.0060182386877,2579.3156068789913,0.43475159880943937,0.4348591102167846,0.823872071014583,False,True,False,False,True,True,False,碳盤查邊界與頻率不足,CAPEX 壓力偏高,爭取新訂單資格,False,True,True,False,True,True,True,True,False,True
CMP_086,0.07674983665596703,1159.4247070667795,7125.81268051441,0.6519632929582744,0.39480473108792974,0.34724488801741504,True,False,True,False,False,True,False,節能 KPI 缺乏月度追蹤,設備汰換與產能安排衝突,改善碳費暴露,True,False,True,False,False,False,True,False,False,False
CMP_087,0.09815021370438894,1135.8039161303905,6370.471190182014,0.42985274328285117,0.7162294926610074,0.7360791209341304,True,True,True,True,True,True,False,碳盤查邊界與頻率不足,綠電取得成本與合約不確定,提升貸款可核貸性,True,False,True,False,True,True,True,False,True,True
CMP_088,0.14509497105873956,460.89615940115624,1727.4694767203243,0.4210492601210858,0.7095568243783231,0.4078593144128602,True,True,True,False,True,True,False,碳盤查邊界與頻率不足,設備汰換與產能安排衝突,爭取新訂單資格,False,True,True,True,False,True,False,False,True,False
CMP_089,0.32197886686713306,4805.543751858208,20290.474136268233,0.6169090428722004,0.19005891859823476,0.5261413103416144,False,False,False,True,True,True,True,碳盤查邊界與頻率不足,內部資料治理成熟度不足,改善碳費暴露,False,True,True,True,True,False,False,True,True,True
CMP_090,0.1614404969591607,786.8717257423754,2195.824682934361,0.24340698500625557,0.4378436105001576,0.5767370736260944,True,True,False,False,True,True,False,節能 KPI 缺乏月度追蹤,設備汰換與產能安排衝突,提升貸款可核貸性,True,True,True,False,True,True,True,False,True,True
CMP_091,0.14016587302859065,5838.375504960227,22835.97393404094,0.30233696983447655,0.5053738230117135,0.9203915544309631,True,True,True,False,True,True,False,碳盤查邊界與頻率不足,CAPEX 壓力偏高,提升貸款可核貸性,True,True,False,False,True,False,False,False,False,False
CMP_092,0.2720486185924934,1473.8846166608737,4985.265826090692,0.2785103089400396,0.6416550048980335,0.3262927116530915,True,True,True,True,True,True,False,碳盤查邊界與頻率不足,客戶要求加速但專案排程落後,改善碳費暴露,True,True,True,False,False,True,True,True,False,True
CMP_093,0.15632200556092837,516.7795950367854,2772.9768569845032,0.8256257731144057,0.7951586214292938,0.3676628263957519,False,True,True,False,False,False,True,節能 KPI 缺乏月度追蹤,內部資料治理成熟度不足,提升貸款可核貸性,False,True,True,True,True,True,True,False,True,False
CMP_094,0.3324412799890944,3099.8570528979053,9566.963741900381,0.5614546174475016,0.6857595120710894,0.7934581088115398,True,True,False,True,False,True,False,節能 KPI 缺乏月度追蹤,CAPEX 壓力偏高,降低能耗成本,False,False,True,False,True,True,True,True,False,False
CMP_095,0.10375742910383226,667.13460439448,1653.0681125819456,0.5376442757665867,0.3974082106978936,0.5285410786316724,False,True,True,False,True,False,False,節能 KPI 缺乏月度追蹤,設備汰換與產能安排衝突,提升貸款可核貸性,True,True,True,True,False,True,True,False,True,True
CMP_096,0.06559399403716278,1804.5883182251425,8527.738247844889,0.21524640224131006,0.510049516957875,0.6512401024542438,True,False,True,True,False,True,False,董事會永續治理尚未制度化,內部資料治理成熟度不足,爭取新訂單資格,False,True,False,True,True,True,True,False,True,False
CMP_097,0.04274177685600522,1642.8234902150853,9838.518542634409,0.7149424806531399,0.18479189340376442,0.3440246995084293,True,True,False,True,True,True,False,碳盤查邊界與頻率不足,內部資料治理成熟度不足,改善碳費暴露,False,True,True,False,True,True,False,True,False,True
CMP_098,0.08653194741615186,483.92996879843275,1447.314718871813,0.4488215610052198,0.21758321237873723,0.32144506064398365,True,True,True,True,True,False,False,碳盤查邊界與頻率不足,客戶要求加速但專案排程落後,滿足品牌供應鏈要求,True,True,False,True,True,False,True,True,True,False
CMP_099,0.2904887466515283,5979.848636285132,30475.50866752832,0.41924148004605705,0.520204135914072,0.5466027033600928,False,True,False,False,True,True,False,碳盤查邊界與頻率不足,客戶要求加速但專案排程落後,滿足品牌供應鏈要求,True,True,True,False,True,True,False,True,True,False
CMP_100,0.16579701387355766,2677.858016503556,10025.245931669764,0.815303076647226,0.6992637948405185,0.7382677157528896,True,True,True,False,True,True,False,碳盤查邊界與頻率不足,內部資料治理成熟度不足,降低能耗成本,True,False,False,True,True,True,True,True,False,True
CMP_101,0.32947286181629204,1154.5187218825763,6079.627153161938,0.7394843847570389,0.3972433991849103,0.44657601442616324,True,True,True,True,False,False,False,再生能源採購路徑不明確,內部資料治理成熟度不足,提升貸款可核貸性,True,True,True,False,True,False,False,False,True,True
CMP_102,0.0412096654797521,398.861531245801,1730.3755398657966,0.8268729760652511,0.24387869600122658,0.36855865891367073,True,True,True,True,True,True,False,節能 KPI 缺乏月度追蹤,內部資料治理成熟度不足,提升貸款可核貸性,False,True,False,True,True,True,True,False,False,False
CMP_103,0.1826266890176147,969.8711604981287,1895.294430455172,0.3700487490060793,0.4929127719622379,0.4845742289955637,True,True,True,False,False,False,False,再生能源採購路徑不明確,客戶要求加速但專案排程落後,爭取新訂單資格,False,False,False,True,True,True,True,True,True,False
CMP_104,0.07581469259896566,1886.1025579925858,3932.251985032705,0.6841837288247168,0.2406025063053458,0.730788828415138,False,True,False,False,True,True,False,供應鏈問卷回覆資料分散,客戶要求加速但專案排程落後,降低能耗成本,True,True,True,False,True,True,False,True,True,False
CMP_105,0.11324841546358558,1150.0172737952741,3459.2116710165296,0.49276531661233774,0.8099489662087925,0.32199731003976345,True,True,False,False,True,True,True,再生能源採購路徑不明確,內部資料治理成熟度不足,滿足品牌供應鏈要求,True,True,False,False,True,True,False,True,True,True
CMP_106,0.08458742576003232,473.7370278430076,2110.011359419265,0.388773557195509,0.3574422818666555,0.7995010162356079,True,False,True,True,True,True,True,供應鏈問卷回覆資料分散,綠電取得成本與合約不確定,爭取新訂單資格,True,False,False,True,True,True,False,False,False,False
CMP_107,0.10988324893087982,1474.9870103895848,5493.293220188438,0.677916850011569,0.5815500234367952,0.7043181843668339,True,True,True,False,True,False,False,節能 KPI 缺乏月度追蹤,設備汰換與產能安排衝突,滿足品牌供應鏈要求,True,False,False,False,True,True,True,False,True,True
CMP_108,0.043264172780504435,1921.46888612188,10305.466746553611,0.7116260913785148,0.29175392221291674,0.36083710904963323,False,True,True,False,False,False,False,董事會永續治理尚未制度化,CAPEX 壓力偏高,降低能耗成本,False,True,True,False,True,True,True,True,True,False
CMP_109,0.049977064304573306,417.911160515335,965.955126194109,0.2607487074230186,0.3019195790748863,0.7919884131202843,True,True,False,True,True,False,False,供應鏈問卷回覆資料分散,客戶要求加速但專案排程落後,爭取新訂單資格,False,False,True,False,True,True,False,False,True,True
CMP_110,0.22585646565754514,3348.1435413061236,5143.205334097456,0.3679341212626569,0.2668352007119096,0.4275461830489472,True,True,False,True,False,False,True,再生能源採購路徑不明確,內部資料治理成熟度不足,降低能耗成本,True,False,False,False,True,True,True,False,True,True
CMP_111,0.12556455091787752,2674.0187692415993,10498.775471508156,0.622717852633054,0.20866251441116873,0.8275636941655389,True,True,True,False,True,False,False,節能 KPI 缺乏月度追蹤,CAPEX 壓力偏高,提升貸款可核貸性,True,False,True,True,True,False,True,False,True,True
CMP_112,0.07765905791213064,1898.4367679800707,3315.336127048569,0.2994431690707943,0.14013615006947008,0.6997209405962237,True,True,False,False,True,False,False,節能 KPI 缺乏月度追蹤,綠電取得成本與合約不確定,降低能耗成本,True,False,True,False,True,True,True,False,True,True
CMP_113,0.09290549979681591,1492.640688026395,3673.87549846838,0.3837655516370525,0.6926307854386315,0.6344529000932064,True,False,True,True,True,False,True,節能 KPI 缺乏月度追蹤,內部資料治理成熟度不足,提升貸款可核貸性,False,False,True,False,True,False,False,True,True,True
CMP_114,0.17995771677072678,1815.296857384447,5352.615874970664,0.7111015158255642,0.6892533537716411,0.8678858417192234,True,True,False,False,True,True,False,供應鏈問卷回覆資料分散,內部資料治理成熟度不足,改善碳費暴露,False,False,True,True,True,True,True,False,True,False
CMP_115,0.2380591921313886,2245.5714763467777,5089.2335314198435,0.6817542781053627,0.48746994774742275,0.3905950381998466,True,True,False,False,False,True,False,再生能源採購路徑不明確,內部資料治理成熟度不足,提升貸款可核貸性,False,False,True,False,False,True,False,False,False,False
CMP_116,0.15698801323979636,238.45061471194407,435.26264986207633,0.6049883460329923,0.5704655439168919,0.40899020917429774,True,True,False,False,True,False,False,再生能源採購路徑不明確,內部資料治理成熟度不足,提升貸款可核貸性,True,True,True,False,True,False,True,True,False,True
CMP_117,0.13363721893114736,557.1423267169489,1422.6600890440288,0.5170240039422858,0.35821199643396884,0.5132818165052195,True,False,False,True,False,False,False,供應鏈問卷回覆資料分散,設備汰換與產能安排衝突,爭取新訂單資格,False,True,False,True,True,False,False,True,True,True
CMP_118,0.07493529289544268,1217.1411650639538,7013.80253734617,0.5876648679691867,0.6168957456553719,0.8632919877778475,True,True,True,True,True,True,False,碳盤查邊界與頻率不足,客戶要求加速但專案排程落後,改善碳費暴露,False,True,True,False,False,False,False,True,True,False
CMP_119,0.20880008015772256,453.2131277278622,2467.330647488637,0.7963989816212773,0.5659751672520543,0.7511648048475332,False,False,True,True,False,True,False,供應鏈問卷回覆資料分散,設備汰換與產能安排衝突,滿足品牌供應鏈要求,True,False,True,True,False,True,False,True,True,False
CMP_120,0.17891452061989505,2945.3992406578436,18224.63535139434,0.5836187459932249,0.7895265364719458,0.45783328492016906,False,False,False,True,False,True,False,再生能源採購路徑不明確,綠電取得成本與合約不確定,滿足品牌供應鏈要求,True,False,True,False,True,True,True,True,False,False
